{"epoch": 49, "train_loss": 0.17927323786001761, "val_loss": 0.1792901325957111, "val_accuracy": 0.9351000878369008, "_timestamp": 1721404550.6624002, "_runtime": 72240.17738819122, "_step": 49, "_wandb": {"runtime": 75298}}