{"epoch": 0, "train_loss": 0.19717380945631385, "val_loss": 0.19449940977684227, "val_accuracy": 0.9240842617847842, "_timestamp": 1721332174.3266504, "_runtime": 857.628847360611, "_step": 0, "_wandb": {"runtime": 920}}