{"epoch": 49, "train_loss": 0.08759649168870814, "val_loss": 0.07204570184315737, "val_accuracy": 0.9709521828240334, "_timestamp": 1721324207.5460603, "_runtime": 66904.1141064167, "_step": 49, "_wandb": {"runtime": 66918}}